﻿<?xml version="1.0" encoding="utf-8"?>
<RDConfig xmlns:xsd="http://www.w3.org/2001/XMLSchema" xmlns:xsi="http://www.w3.org/2001/XMLSchema-instance" version="1.0.0.0">
  <Deployment name="c5a864a8-9d82-40b2-a527-230188057f1b" incarnation="1" guid="{b20f66c9-f27f-40a6-bb1f-ad68b83e596b}" isNonCancellableTopologyChangeEnabled="false">
    <Service name="__MyWindowsVMService" guid="{00000000-0000-0000-0000-000000000000}" />
    <ServiceInstance name="c5a864a8-9d82-40b2-a527-230188057f1b.1" guid="{9393dc3e-fcb9-4aba-a258-72ec3fffd4d5}" />
  </Deployment>
  <Incarnation number="1" instance="_MyWindowsVM" guid="{dff3219b-46d2-42a4-be94-9ebfe08763af}" />
  <Role guid="{178f276a-86a9-0a0b-d22f-16dddce5051b}" name="_MyWindowsVM" software="" softwareType="ApplicationPackage" entryPoint="" parameters="" />
  <HostingEnvironmentSettings name="full" Runtime="rd_fabric_stable_dhf4.160223-2120.RuntimePackage_1.0.0.14.zip">
    <CAS mode="full" />
    <PrivilegeLevel mode="max" />
    <Plugins>
      <Plugin name="Microsoft.Compute.CustomScriptExtension" version="1.8" location="https://brdfepirv2by3prdstr04.blob.core.windows.net/bfd5c281a7dc4e4b84381eb0b47e3aaf/Microsoft.Compute_CustomScriptExtension_uswest_manifest.xml" isJson="true" />
    </Plugins>
    <AdditionalProperties>
      <CgiHandlers>
      </CgiHandlers>
    </AdditionalProperties>
  </HostingEnvironmentSettings>
  <ApplicationSettings />
  <OutputEndpoints />
  <Instances>
    <Instance id="_MyWindowsVM" address="10.0.0.4">
      <FaultDomains randomID="0" updateID="0" updateCount="0" />
      <InputEndpoints />
    </Instance>
  </Instances>
  <GuestAgentExtension>
    <GAFamilies>
      <GAFamily>
        <Name>Win7</Name>
        <Uris>
          <Uri>https://brdfepirv2by3prdstr04.blob.core.windows.net/bfd5c281a7dc4e4b84381eb0b47e3aaf/Microsoft.WindowsAzure.GuestAgent_CRPProd_uswest_manifest.xml</Uri>
          <Uri>https://rdfepirv2by1prdstr01.blob.core.windows.net/bfd5c281a7dc4e4b84381eb0b47e3aaf/Microsoft.WindowsAzure.GuestAgent_CRPProd_uswest_manifest.xml</Uri>
          <Uri>https://rdfepirv2by1prdstr02.blob.core.windows.net/bfd5c281a7dc4e4b84381eb0b47e3aaf/Microsoft.WindowsAzure.GuestAgent_CRPProd_uswest_manifest.xml</Uri>
          <Uri>https://rdfepirv2by2prdstr01.blob.core.windows.net/bfd5c281a7dc4e4b84381eb0b47e3aaf/Microsoft.WindowsAzure.GuestAgent_CRPProd_uswest_manifest.xml</Uri>
          <Uri>https://rdfepirv2by2prdstr02.blob.core.windows.net/bfd5c281a7dc4e4b84381eb0b47e3aaf/Microsoft.WindowsAzure.GuestAgent_CRPProd_uswest_manifest.xml</Uri>
          <Uri>https://rdfepirv2by3prdstr01.blob.core.windows.net/bfd5c281a7dc4e4b84381eb0b47e3aaf/Microsoft.WindowsAzure.GuestAgent_CRPProd_uswest_manifest.xml</Uri>
          <Uri>https://rdfepirv2by3prdstr02.blob.core.windows.net/bfd5c281a7dc4e4b84381eb0b47e3aaf/Microsoft.WindowsAzure.GuestAgent_CRPProd_uswest_manifest.xml</Uri>
          <Uri>https://rdfepirv2by3prdstr03.blob.core.windows.net/bfd5c281a7dc4e4b84381eb0b47e3aaf/Microsoft.WindowsAzure.GuestAgent_CRPProd_uswest_manifest.xml</Uri>
          <Uri>https://zrdfepirv2by4prdstr02.blob.core.windows.net/bfd5c281a7dc4e4b84381eb0b47e3aaf/Microsoft.WindowsAzure.GuestAgent_CRPProd_uswest_manifest.xml</Uri>
          <Uri>https://zrdfepirv2by4prdstr03.blob.core.windows.net/bfd5c281a7dc4e4b84381eb0b47e3aaf/Microsoft.WindowsAzure.GuestAgent_CRPProd_uswest_manifest.xml</Uri>
          <Uri>https://zrdfepirv2by4prdstr05.blob.core.windows.net/bfd5c281a7dc4e4b84381eb0b47e3aaf/Microsoft.WindowsAzure.GuestAgent_CRPProd_uswest_manifest.xml</Uri>
          <Uri>https://zrdfepirv2by4prdstr09.blob.core.windows.net/bfd5c281a7dc4e4b84381eb0b47e3aaf/Microsoft.WindowsAzure.GuestAgent_CRPProd_uswest_manifest.xml</Uri>
        </Uris>
      </GAFamily>
      <GAFamily>
        <Name>Win8</Name>
        <Uris>
          <Uri>https://brdfepirv2by3prdstr04.blob.core.windows.net/bfd5c281a7dc4e4b84381eb0b47e3aaf/Microsoft.WindowsAzure.GuestAgent_CRPProd_uswest_manifest.xml</Uri>
          <Uri>https://rdfepirv2by1prdstr01.blob.core.windows.net/bfd5c281a7dc4e4b84381eb0b47e3aaf/Microsoft.WindowsAzure.GuestAgent_CRPProd_uswest_manifest.xml</Uri>
          <Uri>https://rdfepirv2by1prdstr02.blob.core.windows.net/bfd5c281a7dc4e4b84381eb0b47e3aaf/Microsoft.WindowsAzure.GuestAgent_CRPProd_uswest_manifest.xml</Uri>
          <Uri>https://rdfepirv2by2prdstr01.blob.core.windows.net/bfd5c281a7dc4e4b84381eb0b47e3aaf/Microsoft.WindowsAzure.GuestAgent_CRPProd_uswest_manifest.xml</Uri>
          <Uri>https://rdfepirv2by2prdstr02.blob.core.windows.net/bfd5c281a7dc4e4b84381eb0b47e3aaf/Microsoft.WindowsAzure.GuestAgent_CRPProd_uswest_manifest.xml</Uri>
          <Uri>https://rdfepirv2by3prdstr01.blob.core.windows.net/bfd5c281a7dc4e4b84381eb0b47e3aaf/Microsoft.WindowsAzure.GuestAgent_CRPProd_uswest_manifest.xml</Uri>
          <Uri>https://rdfepirv2by3prdstr02.blob.core.windows.net/bfd5c281a7dc4e4b84381eb0b47e3aaf/Microsoft.WindowsAzure.GuestAgent_CRPProd_uswest_manifest.xml</Uri>
          <Uri>https://rdfepirv2by3prdstr03.blob.core.windows.net/bfd5c281a7dc4e4b84381eb0b47e3aaf/Microsoft.WindowsAzure.GuestAgent_CRPProd_uswest_manifest.xml</Uri>
          <Uri>https://zrdfepirv2by4prdstr02.blob.core.windows.net/bfd5c281a7dc4e4b84381eb0b47e3aaf/Microsoft.WindowsAzure.GuestAgent_CRPProd_uswest_manifest.xml</Uri>
          <Uri>https://zrdfepirv2by4prdstr03.blob.core.windows.net/bfd5c281a7dc4e4b84381eb0b47e3aaf/Microsoft.WindowsAzure.GuestAgent_CRPProd_uswest_manifest.xml</Uri>
          <Uri>https://zrdfepirv2by4prdstr05.blob.core.windows.net/bfd5c281a7dc4e4b84381eb0b47e3aaf/Microsoft.WindowsAzure.GuestAgent_CRPProd_uswest_manifest.xml</Uri>
          <Uri>https://zrdfepirv2by4prdstr09.blob.core.windows.net/bfd5c281a7dc4e4b84381eb0b47e3aaf/Microsoft.WindowsAzure.GuestAgent_CRPProd_uswest_manifest.xml</Uri>
        </Uris>
      </GAFamily>
    </GAFamilies>
  </GuestAgentExtension>
  <PluginSettings>
    <Plugin name="Microsoft.Compute.CustomScriptExtension" version="1.8">
      <RuntimeSettings seqNo="0">{
  "runtimeSettings": [
    {
      "handlerSettings": {
        "publicSettings": {"fileUris":["https://sysgainelkstorage.blob.core.windows.net/chef/install.ps1"],"commandToExecute":"powershell -ExecutionPolicy Unrestricted -File ./install.ps1"}
      }
    }
  ]
}</RuntimeSettings>
    </Plugin>
  </PluginSettings>
  <StatusUploadBlob statusBlobType="BlockBlob">https://p5trjquids5qswinrmsa.blob.core.windows.net/vhds/MyWindowsVM.8147957c-fbba-4cb5-b7a3-d20b692b44cc.status?sv=2014-02-14&amp;sr=b&amp;sig=OxEesHhjR4W2rS7k%2FGgDhZJ4PuZvzU7rpXE0Lz7zIws%3D&amp;se=9999-01-01T00%3A00%3A00Z&amp;sp=rw</StatusUploadBlob>
</RDConfig>