{"version":"1.0","timestampUTC":"2016-07-11T05:38:39Z","aggregateStatus":{"guestAgentStatus":{"version":"2.7.1198.778","status":"Ready","formattedMessage":{"lang":"en-US","message":"GuestAgent is running and accepting new configurations."}},"handlerAggregateStatus":[{"handlerName":"Microsoft.Compute.CustomScriptExtension","handlerVersion":"1.8","status":"Ready","runtimeSettingsStatus":{"sequenceNumber":"0","settingsStatus":{"timestampUTC":"2016-07-11T05:30:40Z","status":{"name":"powershell -ExecutionPolicy Unrestricted -File .\/install.ps1","operation":"Command Execution Finished","configurationAppliedTime":"0001-01-01T00:00:00Z","status":"success","formattedMessage":{"lang":"en-US","message":"Finished executing command"},"substatus":[{"name":"StdOut","status":"success","formattedMessage":{"lang":"en-US","message":"rap\/berks-cookbooks\/chefdk_bootstrap\\nVendoring chocolatey (1.0.0) to C:\/Windows\/TEMP\/chefdk_bootstrap\/berks-cookbooks\/chocolatey\\nVendoring compat_resource (12.10.6) to C:\/Windows\/TEMP\/chefdk_bootstrap\/berks-cookbooks\/compat_resource\\nVendoring dmg (2.4.0) to C:\/Windows\/TEMP\/chefdk_bootstrap\/berks-cookbooks\/dmg\\nVendoring homebrew (2.1.0) to C:\/Windows\/TEMP\/chefdk_bootstrap\/berks-cookbooks\/homebrew\\nVendoring line (0.6.3) to C:\/Windows\/TEMP\/chefdk_bootstrap\/berks-cookbooks\/line\\nVendoring mingw (1.2.2) to C:\/Windows\/TEMP\/chefdk_bootstrap\/berks-cookbooks\/mingw\\nVendoring seven_zip (2.0.1) to C:\/Windows\/TEMP\/chefdk_bootstrap\/berks-cookbooks\/seven_zip\\nVendoring vagrant (0.5.0) to C:\/Windows\/TEMP\/chefdk_bootstrap\/berks-cookbooks\/vagrant\\nVendoring windows (1.44.1) to C:\/Windows\/TEMP\/chefdk_bootstrap\/berks-cookbooks\/windows\\n\u001b[0m\\n================================================================================\u001b[0m\\n\u001b[31mError executing action `install` on resource 'windows_package[Atom]'\u001b[0m\\n================================================================================\u001b[0m\\n\\n\u001b[0mMixlib::ShellOut::CommandTimeout\u001b[0m\\n--------------------------------\u001b[0m\\ncommand timed out:\\n\u001b[0m---- Begin output of start \"\" \/wait \"c:\\windows\\temp\\chefdk_bootstrap\\local-mode-cache\\cache\\atomsetup.exe\"   \/silent & exit %%%%ERRORLEVEL%%%% ----\\n\u001b[0mSTDOUT: \\n\u001b[0mSTDERR: \\n\u001b[0m---- End output of start \"\" \/wait \"c:\\windows\\temp\\chefdk_bootstrap\\local-mode-cache\\cache\\atomsetup.exe\"   \/silent & exit %%%%ERRORLEVEL%%%% ----\\n\u001b[0m\\n\u001b[0mProcessId: 2072\\n\u001b[0mapp_name: C:\\Windows\\system32\\cmd.exe\\n\u001b[0mcommand_line: cmd \/c \"start \"\" \/wait \"c:\\windows\\temp\\chefdk_bootstrap\\local-mode-cache\\cache\\atomsetup.exe\"   \/silent & exit %%%%ERRORLEVEL%%%%\"\\n\u001b[0mtimeout: 600\u001b[0m\\n\\n\u001b[0mResource Declaration:\u001b[0m\\n---------------------\u001b[0m\\n# In c:\/windows\/temp\/chefdk_bootstrap\/local-mode-cache\/cache\/cookbooks\/atom\/recipes\/windows.rb\\n\u001b[0m\\n\u001b[0m 19: package 'Atom' do # ~FC009\\n\u001b[0m 20:   source node['atom']['source_url']\\n\u001b[0m 21:   remote_file_attributes(\\n\u001b[0m 22:     path: File.join(Chef::Config[:file_cache_path], 'AtomSetup.exe')\\n\u001b[0m 23:   )\\n\u001b[0m 24:   installer_type :custom\\n\u001b[0m 25:   options '\/silent'\\n\u001b[0m 26: end\\n\u001b[0m\\n\u001b[0mCompiled Resource:\u001b[0m\\n------------------\u001b[0m\\n# Declared in c:\/windows\/temp\/chefdk_bootstrap\/local-mode-cache\/cache\/cookbooks\/atom\/recipes\/windows.rb:19:in `from_file'\\n\u001b[0m\\n\u001b[0mwindows_package(\"Atom\") do\\n\u001b[0m  package_name \"Atom\"\\n\u001b[0m  action [:install]\\n\u001b[0m  retries 0\\n\u001b[0m  retry_delay 2\\n\u001b[0m  default_guard_interpreter :default\\n\u001b[0m  declared_type :package\\n\u001b[0m  cookbook_name \"atom\"\\n\u001b[0m  recipe_name \"windows\"\\n\u001b[0m  source \"https:\/\/atom.io\/download\/windows\"\\n\u001b[0m  remote_file_attributes {:path=>\"c:\\\\windows\\\\temp\\\\chefdk_bootstrap\\\\local-mode-cache\\\\cache\/AtomSetup.exe\"}\\n\u001b[0m  installer_type :custom\\n\u001b[0m  options \"\/silent\"\\n\u001b[0m  returns [0]\\n\u001b[0mend\\n\u001b[0m\\n\u001b[0mPlatform:\u001b[0m\\n---------\u001b[0m\\ni386-mingw32\u001b[0m\\n\\n\u001b[0m[2016-07-11T05:30:39+00:00] ERROR: Running exception handlers\\n[2016-07-11T05:30:39+00:00] ERROR: Exception handlers complete\\n[2016-07-11T05:30:39+00:00] FATAL: Stacktrace dumped to c:\/windows\/temp\/chefdk_bootstrap\/local-mode-cache\/cache\/chef-stacktrace.out\\n[2016-07-11T05:30:39+00:00] FATAL: Please provide the contents of the stacktrace.out file if you file a bug report\\n[2016-07-11T05:30:39+00:00] FATAL: Mixlib::ShellOut::CommandTimeout: windows_package[Atom] (atom::windows line 19) had an error: Mixlib::ShellOut::CommandTimeout: command timed out:\\n---- Begin output of start \"\" \/wait \"c:\\windows\\temp\\chefdk_bootstrap\\local-mode-cache\\cache\\atomsetup.exe\"   \/silent & exit %%%%ERRORLEVEL%%%% ----\\nSTDOUT: \\nSTDERR: \\n---- End output of start \"\" \/wait \"c:\\windows\\temp\\chefdk_bootstrap\\local-mode-cache\\cache\\atomsetup.exe\"   \/silent & exit %%%%ERRORLEVEL%%%% ----\\n\\nProcessId: 2072\\napp_name: C:\\Windows\\system32\\cmd.exe\\ncommand_line: cmd \/c \"start \"\" \/wait \"c:\\windows\\temp\\chefdk_bootstrap\\local-mode-cache\\cache\\atomsetup.exe\"   \/silent & exit %%%%ERRORLEVEL%%%%\"\\ntimeout: 600\\nError running chef-client.."}},{"name":"StdErr","status":"success","formattedMessage":{"lang":"en-US","message":"C:\/opscode\/chefdk\/embedded\/lib\/ruby\/2.1.0\/i386-mingw32\/dl.so: warning: already initialized constant DL::RUBY_FREE\\nC:\/opscode\/chefdk\/embedded\/lib\/ruby\/gems\/2.1.0\/gems\/net-ssh-3.1.1\/lib\/net\/ssh\/authentication\/pageant.rb:16: warning: previous definition of RUBY_FREE was here\\nDL is deprecated, please use Fiddle"}}]}}}}]}}